sdg,fos_id,fos_name
SDG_1,198428699,Environmental degradation
SDG_1,170659323,Environmental politics
SDG_1,46578552,Global health
SDG_1,2780196416,Health human resources
SDG_1,47344431,Health policy
SDG_1,2780650499,Health policy and management
SDG_1,2780877353,Health services research
SDG_1,2780774518,Health systems strengthening
SDG_1,193395930,International health
SDG_1,2781201427,Out-of-school learning
SDG_1,2778149918,Population health
SDG_1,129963666,Small area estimation
SDG_2,2910099511,25-Hydroxyvitamin D 2
SDG_2,2908895846,Acute respiratory disease
SDG_2,2909158028,Anaplasma ovis
SDG_2,47806933,Animal welfare science
SDG_2,2910592767,Antibody antigen
SDG_2,2779491563,Arabidopsis
SDG_2,2775988993,Arabidopsis thaliana
SDG_2,18419278,Astrobiology Science and Technology for Exploring Planets
SDG_2,3480121,Astronaut training
SDG_2,2908684217,Babesia ovis
SDG_2,2777626052,Bachelor
SDG_2,2776423422,Barcode reader
SDG_2,138256199,Baron Tornado Index
SDG_2,65607591,Big Picture Science
SDG_2,2779910751,Bologna Process
SDG_2,2777970171,Bologna declaration
SDG_2,53007507,Browning
SDG_2,74359761,Business activity monitoring
SDG_2,2908707527,Business function
SDG_2,2776574205,Business information
SDG_2,2910521719,C4 photosynthesis
SDG_2,2776928777,Cadaverine
SDG_2,2776941976,Calcifediol
SDG_2,2779910956,Campylobacter
SDG_2,2777403496,Campylobacter coli
SDG_2,2908614360,Campylobacter sp
SDG_2,2909333666,Campylobacteraceae
SDG_2,2909520665,Carbon-Oxygen Lyases
SDG_2,2780687331,Carnosine
SDG_2,58808276,Catechol oxidase
SDG_2,2909745607,Cephalosporin Resistance
SDG_2,115220002,Chromosomal crossover
SDG_2,148257392,Clinical nutrition
SDG_2,2778020220,Clinoptilolite
SDG_2,106165879,Cognitively Guided Instruction
SDG_2,2780114722,Cold chain
SDG_2,2910394173,Cold foods
SDG_2,2910354950,Cold sensitive
SDG_2,2780118905,Cold sensitivity
SDG_2,138020889,Collaborative learning
SDG_2,2779814899,Common sense
SDG_2,100521375,Competence (human resources)
SDG_2,37662734,Competence-based management
SDG_2,97483426,Compound annual growth rate
SDG_2,25260931,Constructivist teaching methods
SDG_2,2909271431,Contaminated food
SDG_2,2908574822,Contig Mapping
SDG_2,51672120,Cooperative learning
SDG_2,164065428,Core competency
SDG_2,94919774,Crore
SDG_2,2778080818,Cross-resistance
SDG_2,38749836,Cultural group selection
SDG_2,2781415353,Cut-point
SDG_2,2909072068,Cytochrome C Oxidase I
SDG_2,2909807485,Cytochrome C Oxidase Subunit 1
SDG_2,2775937386,DMC1
SDG_2,2777974810,Data feed
SDG_2,78161392,Database testing
SDG_2,2910479360,Dietary salt
SDG_2,138399698,Difference list
SDG_2,120562766,Dynamic array
SDG_2,185671874,E number
SDG_2,2776744078,Early Earth
SDG_2,2776709667,Economic welfare
SDG_2,50919411,Ectopic recombination
SDG_2,65257409,Electronic business
SDG_2,2781418482,Entry Level
SDG_2,2777621572,Ergocalciferol
SDG_2,173837035,Evolution of photosynthesis
SDG_2,2910092765,Excessive cold
SDG_2,37228920,Experiential learning
SDG_2,170959889,Extra-vehicular activity
SDG_2,2909553954,Extraterrestrial Environment
SDG_2,98536072,Extraterrestrial life
SDG_2,135300049,FLP-FRT recombination
SDG_2,21249469,Family-based QTL mapping
SDG_2,2777220787,Five freedoms
SDG_2,2780471819,Flaveria
SDG_2,2779634897,Fluorotelomer
SDG_2,549605437,Food security
SDG_2,42525527,Formative assessment
SDG_2,2775840374,Functional capacity evaluation
SDG_2,2909076198,Fusarium toxins
SDG_2,27254500,Gains from trade
SDG_2,122735190,Gene mapping
SDG_2,2908952963,General diet
SDG_2,101434241,Genetic recombination
SDG_2,130947863,Gene–environment interaction
SDG_2,2910985744,Genus Campylobacter
SDG_2,2776968180,Gmelinite
SDG_2,190638079,Green manure
SDG_2,2776020993,Group work
SDG_2,149172842,Haploidisation
SDG_2,2780017871,Hard infrastructure
SDG_2,2775834976,Heulandite
SDG_2,120912362,Higher education
SDG_2,2910220031,Histamine Production
SDG_2,192233252,Histidine decarboxylase
SDG_2,102744134,Homologous recombination
SDG_2,107211472,Human decontamination
SDG_2,2779160288,Human fat
SDG_2,2910444920,Immobilized Antibodies
SDG_2,2909153497,Infant Nutritional Physiological Phenomena
SDG_2,44283249,Interkinesis
SDG_2,540751848,Internship
SDG_2,2910258602,Isospora suis
SDG_2,2910321295,L-Carnosine
SDG_2,175965649,Label
SDG_2,2779704485,Lachnospiraceae
SDG_2,79850504,Law of one price
SDG_2,2777958824,Lead sulfide
SDG_2,2778365744,Learning environment
SDG_2,2778172956,Life on Mars
SDG_2,134864226,Limit price
SDG_2,4733338,Lipid metabolism
SDG_2,60635243,Loop-mediated isothermal amplification
SDG_2,195454712,Lot quality assurance sampling
SDG_2,78945660,Malolactic fermentation
SDG_2,2781445593,Manihot
SDG_2,2777481183,Market access
SDG_2,2778600265,Martian
SDG_2,148196450,Meiosis
SDG_2,2910992960,Meiosis II
SDG_2,2910222286,Meiotic Prophase I
SDG_2,2777926330,Methoxetamine
SDG_2,2779091883,MicroWorlds
SDG_2,2910342552,Microbial Viability
SDG_2,2776482837,Multi-label classification
SDG_2,2780051701,Multilateral trade negotiations
SDG_2,2781446643,Multiple sulfatase deficiency
SDG_2,2780015948,Mycobacterium avium subspecies paratuberculosis
SDG_2,2777103877,Natural stress
SDG_2,2778599437,Net Promoter
SDG_2,11804174,Network theory
SDG_2,2777264270,Network transparency
SDG_2,2780170040,Neuropeptide S
SDG_2,2776903312,Neuropeptide S receptor
SDG_2,175895763,North American Model of Wildlife Conservation
SDG_2,2779287493,Nuclear transparency
SDG_2,39257715,Nuisance wildlife management
SDG_2,2909270706,Nutrition Interventions
SDG_2,63412515,Nutrition facts label
SDG_2,2909934379,Nutrition science
SDG_2,2776319399,Nutrition transition
SDG_2,2779459076,Ochratoxin
SDG_2,2776008721,Ochratoxin A
SDG_2,2910734704,Ochratoxins
SDG_2,2780030891,Oenococcus oeni
SDG_2,2776665880,Ornithodoros
SDG_2,2777963300,Ovis
SDG_2,60544836,Oxygen transmission rate
SDG_2,2911159031,P-aminohippuric acid
SDG_2,2909039982,Painful Bladder Syndrome
SDG_2,64417066,Panspermia
SDG_2,2777849792,Paratuberculosis
SDG_2,2910859984,Perfluorodecanoic acid
SDG_2,2776609134,Perfluorononanoic acid
SDG_2,2781314072,Perfluorooctane
SDG_2,2909612347,Perfluorooctane sulfonic acid
SDG_2,2779168029,Perfluorooctanesulfonic acid
SDG_2,168402607,Personal robot
SDG_2,2778793514,Pharmaceutical Benefits Scheme
SDG_2,2779652696,Phillipsite
SDG_2,117534273,Photorespiration
SDG_2,183688256,Photosynthesis
SDG_2,2779316952,Phototrophic biofilms
SDG_2,2908972231,Physical Barrier
SDG_2,2910200824,Physical Chromosome Mapping
SDG_2,2910994361,Physical Maps
SDG_2,2909856885,Physical mapping
SDG_2,2776809771,Phytoene
SDG_2,2780535588,Planetary Fourier Spectrometer
SDG_2,131923401,Planetary protection
SDG_2,2910940979,Plant Preparations
SDG_2,2910538944,Poly(butylene succinate)
SDG_2,2777271545,Polybutylene succinate
SDG_2,2776338311,Polyphenol oxidase
SDG_2,2776773308,Positive behavior support
SDG_2,2781281389,Potamochoerus
SDG_2,2778438103,Prenatal nutrition
SDG_2,2781375701,Price analysis
SDG_2,2778184291,Price support
SDG_2,2776294106,Primer binding site
SDG_2,111280770,Producer price index
SDG_2,2909571003,Protective Agents
SDG_2,2778274352,RNA polymerase IV
SDG_2,2777714445,Radiation hybrid mapping
SDG_2,148846489,Refrigeration plant
SDG_2,70295763,Reservation price
SDG_2,2780608908,Reverse Transcription Loop-mediated Isothermal Amplification
SDG_2,147716585,Robonaut
SDG_2,26355699,Robotic spacecraft
SDG_2,2779218938,Rocket
SDG_2,2777647554,Roquefortine C
SDG_2,2777250853,Rupee
SDG_2,2776317494,SALSA
SDG_2,2777469154,STCW Convention
SDG_2,169490005,Salting out
SDG_2,9111530,Satellite tornado
SDG_2,2777584449,Sense and respond
SDG_2,101512455,Sense data
SDG_2,2776947765,Sense of direction
SDG_2,206625514,Sequence-tagged site
SDG_2,45051096,Single market
SDG_2,2777330291,Small-scale agriculture
SDG_2,2781396848,Social infrastructure
SDG_2,162947575,Social robot
SDG_2,176035894,Software quality control
SDG_2,48306297,Software quality management
SDG_2,125900194,Software review
SDG_2,124219066,Space suit
SDG_2,2778175407,Species name
SDG_2,2780684046,Spo11
SDG_2,2780643479,Stilbite
SDG_2,2778532622,Streptogramin B
SDG_2,152747807,Summative assessment
SDG_2,201437064,Synapsis
SDG_2,53702515,Synteny
SDG_2,2780805685,Teacher education
SDG_2,2776905826,Teacher quality
SDG_2,196467688,Telerobotics
SDG_2,2776266440,Time temperature indicator
SDG_2,174253337,Ton of refrigeration
SDG_2,190930322,Tornado
SDG_2,202964095,Tornado climatology
SDG_2,167887339,Tornado emergency
SDG_2,11039648,Tornado intensity and damage
SDG_2,141983198,Tornado myths
SDG_2,87841596,Tornado watch
SDG_2,153876917,Traceability
SDG_2,2776922509,Trade and development
SDG_2,2910336849,Transcription Factor Gene
SDG_2,2781289450,Triclosan
SDG_2,2776077682,Tyramine
SDG_2,2777060948,Urban wildlife
SDG_2,80323366,Value added
SDG_2,2779046117,Vertical resistance
SDG_2,2779862049,Vigna
SDG_2,2779741023,Vomitoxin
SDG_2,2776222705,Wild boar
SDG_2,2780597670,Wildlife disease
SDG_2,2777140777,Zearalenone
SDG_2,2779740938,vitamin D deficiency
SDG_3,2910288937,Africa north
SDG_3,25166345,Binding domain
SDG_3,2909111439,Biology (field)
SDG_3,167908162,Business ecosystem
SDG_3,2776888527,Club good
SDG_3,2779363792,Coaching
SDG_3,198738867,Comet tail
SDG_3,111684460,Complement system
SDG_3,133462117,Data collection
SDG_3,91632574,Data curation
SDG_3,73751289,Data monitoring committee
SDG_3,148449293,Data transformation (statistics)
SDG_3,2910560156,Databases as Topic
SDG_3,2910427492,Disc diameter
SDG_3,2911021130,Doppler probe
SDG_3,2910860471,Every Three Months
SDG_3,30439317,FASTQ format
SDG_3,108074857,Fault management
SDG_3,63540848,Fault tolerance
SDG_3,2909518570,Food Patterns
SDG_3,2778444522,Football
SDG_3,2775940519,Logic model
SDG_3,2779372377,Lung cancer susceptibility
SDG_3,2779870758,Mascara
SDG_3,2779728303,Pride
SDG_3,2779308462,Replication stress
SDG_3,2777814067,Tandem
SDG_3,2781145028,Tobacco industry
SDG_3,37098654,exec
SDG_4,2780623789,Basic skills
SDG_4,2909064599,Changed jobs
SDG_4,2910043827,Changing job
SDG_4,132758656,Dreyfus model of skill acquisition
SDG_4,2908885425,Employee skills
SDG_4,146804397,General Social Survey
SDG_4,24845683,Interview
SDG_4,58346731,Job analysis
SDG_4,2910324923,Job change
SDG_4,2780550299,Job description
SDG_4,2910181414,Job losses
SDG_4,2779686014,Job sharing
SDG_4,2908678694,Local survey
SDG_4,117893075,Narrative inquiry
SDG_4,74279204,Narrative psychology
SDG_4,78015137,Narrative structure
SDG_4,2776675903,Public capital
SDG_4,59364581,Questionnaire
SDG_4,61189997,Response rate
SDG_4,2780852648,SOS response
SDG_4,172905872,Silicon on sapphire
SDG_4,2910043429,State survey
SDG_4,173481278,Survey research
SDG_4,2909755642,Work Skills
SDG_5,2776596443,Economic discrimination
SDG_5,541189924,Forced migration
SDG_5,2908821035,Job discrimination
SDG_5,2909253651,Legal discrimination
SDG_5,2778307344,Migrant literature
SDG_5,2779621813,Religious discrimination
SDG_5,2781437166,Statistical discrimination
SDG_6,2779732133,Best available technology
SDG_6,59269818,Information technology architecture
SDG_6,78302586,MODFLOW
SDG_6,544153396,Metal
SDG_6,39442485,Molecular imprinting
SDG_6,2781128188,Population equivalent
SDG_6,11999413,Radiosonde
SDG_6,108597893,Reflectivity
SDG_6,2781026758,Secchi disk
SDG_6,2778323849,Sirius
SDG_7,2911104624,Acinonyx jubatus
SDG_7,2776122723,Acoustic tag
SDG_7,2775918509,Acropolis
SDG_7,2909376016,Aluminum gallium nitride
SDG_7,148718273,Anti-replay
SDG_7,49848784,Archetype
SDG_7,2776581130,Arrayed waveguide grating
SDG_7,138417311,Articulated robot
SDG_7,2776611462,Astron
SDG_7,25915539,Automatic frequency control
SDG_7,141842801,Automatic test equipment
SDG_7,112505250,Automaton
SDG_7,2778835581,Autonomous robot
SDG_7,2910577901,Balance body
SDG_7,2909450372,Balance energy
SDG_7,2908874825,Balance performance
SDG_7,136649699,Ballistic limit
SDG_7,584957,Bang-bang robot
SDG_7,19766214,Behavior-based robotics
SDG_7,2777382002,Boundary friction
SDG_7,33840335,Braid group
SDG_7,147441545,Braid theory
SDG_7,2779941319,Bridging fault
SDG_7,74824818,Burau representation
SDG_7,115957382,CHEMKIN
SDG_7,2910439062,Camera control unit
SDG_7,2778321654,Cancellation property
SDG_7,2780339557,Canine parvovirus
SDG_7,2908683193,Canine parvovirus infection
SDG_7,199873434,Carbon fixation
SDG_7,2780331013,Carbon lock-in
SDG_7,126172416,Carbon neutrality
SDG_7,2781309322,Cardiorenal syndrome
SDG_7,118635694,Cartesian coordinate robot
SDG_7,2910681606,Channel catfish virus
SDG_7,2775974325,Chipless RFID
SDG_7,202446494,Class diagram
SDG_7,2909542240,Cluster VII
SDG_7,131747538,Coal gas
SDG_7,108615695,Coal mining
SDG_7,2777708149,Coded wire tag
SDG_7,118732332,Color rendering index
SDG_7,2909269005,Component Load
SDG_7,2780452421,Composite propeller
SDG_7,33134510,Concentric tube heat exchanger
SDG_7,2776909254,Congenital rubella syndrome
SDG_7,97508593,Contingency
SDG_7,151771877,Crankcase dilution
SDG_7,193809577,Demand forecasting
SDG_7,192668324,Design objective
SDG_7,2908591035,Device Properties
SDG_7,2908610585,Device material
SDG_7,123380192,Diamond-like carbon
SDG_7,138171918,Diesel fuel
SDG_7,183912175,Digital protective relay
SDG_7,2778944020,Domestic robot
SDG_7,99611785,Duplex (building)
SDG_7,169574100,Duplex (telecommunications)
SDG_7,42067281,Duplex mismatch
SDG_7,166151169,Dynamic balance
SDG_7,45872418,Dynamic demand
SDG_7,197301865,Dynamic imaging
SDG_7,2910564024,EMS response
SDG_7,2910306918,EMS transport
SDG_7,2781056475,EPIA
SDG_7,2778348927,Eastern Interconnection
SDG_7,125171110,Economic geology
SDG_7,195534400,Factor market
SDG_7,2776365744,Fault Simulator
SDG_7,2777045768,Fault grading
SDG_7,3839877,Fixed satellite service
SDG_7,14642617,Flue-gas emissions from fossil-fuel combustion
SDG_7,2778431730,Folksonomy
SDG_7,83160514,Galaxy groups and clusters
SDG_7,2780611706,Gas engine
SDG_7,2777071705,GeSbTe
SDG_7,85909142,Gemology
SDG_7,79675319,Geophysical imaging
SDG_7,53914812,Geothermal heating
SDG_7,2778776584,Germanium telluride
SDG_7,2778334255,Glass tube
SDG_7,2777890241,HeliOS
SDG_7,78246475,High-level design
SDG_7,47645306,Hot cathode
SDG_7,145460709,Human–robot interaction
SDG_7,159851900,Hydraulic head
SDG_7,88743934,Hydraulic structure
SDG_7,169961344,Hydraulics
SDG_7,2781333068,IEEE 802.22
SDG_7,57177791,Imaging science
SDG_7,2910445384,Improved balance
SDG_7,2910822426,Inflammatory Breast Carcinoma
SDG_7,2780839634,Inflammatory breast cancer
SDG_7,2781030502,Internal balance
SDG_7,2776588390,International standard
SDG_7,63969886,Internet traffic
SDG_7,2780251136,Joint Implementation
SDG_7,170133592,Latent semantic analysis
SDG_7,123977732,Lawrence–Krammer representation
SDG_7,15569618,Liveness
SDG_7,3283095,Load factor
SDG_7,2780611830,Logical effort
SDG_7,132868160,MQTT
SDG_7,2776917865,Management plane
SDG_7,505695854,Marine propulsion
SDG_7,2779700286,Marked graph
SDG_7,179036041,Market analysis
SDG_7,127288500,Market impact
SDG_7,51926234,Market microstructure
SDG_7,2778927675,Market participant
SDG_7,59329165,Market rate
SDG_7,162168397,Market saturation
SDG_7,106189395,Markov decision process
SDG_7,2778383842,Mechanical load
SDG_7,179733262,Message broker
SDG_7,2776892096,Message format
SDG_7,26324664,Message queue
SDG_7,2908784896,Message structure
SDG_7,191186522,Message switching
SDG_7,2909205303,Message type
SDG_7,19966478,Mobile robot
SDG_7,2780688951,Model spectrum
SDG_7,2908749873,Motor boat
SDG_7,2778569793,NG-PON2
SDG_7,113740612,Natural gas field
SDG_7,81877898,Network monitoring
SDG_7,2776810965,Network operating system
SDG_7,159795486,Network operations center
SDG_7,2909187471,Neural tissue regeneration
SDG_7,2909741741,Next-Generation Technology
SDG_7,14447218,Norma Cluster
SDG_7,199364081,Nova (rocket)
SDG_7,121629672,Optical Carrier transmission rates
SDG_7,95930237,Optical phenomena
SDG_7,148651041,Optical pumping
SDG_7,2777155145,Oscillating Water Column
SDG_7,130207615,Otto cycle
SDG_7,17098449,Partially observable Markov decision process
SDG_7,42812,Partition (number theory)
SDG_7,12701381,Partition function (mathematics)
SDG_7,54017597,Partition function (statistical mechanics)
SDG_7,93552971,Partition of a set
SDG_7,35995877,Partition problem
SDG_7,126789939,Partition refinement
SDG_7,2780942248,Passive seismic
SDG_7,31771446,Photoacoustic Doppler effect
SDG_7,54932901,Photoacoustic imaging in biomedicine
SDG_7,201999631,Photoconductivity
SDG_7,2776069950,Pit water
SDG_7,2780638000,Polymer solution
SDG_7,2909937733,Poor balance
SDG_7,136155141,Process architecture
SDG_7,49304495,Projectile
SDG_7,166194698,Projectile motion
SDG_7,93953391,Projectile point
SDG_7,42021957,Propulsive efficiency
SDG_7,108848220,Publish–subscribe pattern
SDG_7,188116033,Q-learning
SDG_7,120398109,Quantum tunnelling
SDG_7,2777126586,Ram accelerator
SDG_7,62467634,Range of a projectile
SDG_7,58896106,Rank of a partition
SDG_7,56985126,Rayleigh fading
SDG_7,21552470,Real-time locating system
SDG_7,28472234,Real-time operating system
SDG_7,161028810,Regional geology
SDG_7,2778772182,Remote camera
SDG_7,2911016986,Rescue work
SDG_7,192299074,Robot calibration
SDG_7,37530146,Robot combat
SDG_7,74222875,Robot kinematics
SDG_7,2779110910,Robot software
SDG_7,17371274,Robotic sensing
SDG_7,22116519,Saturable absorption
SDG_7,53645450,Scaffold protein
SDG_7,82979123,Secondary source
SDG_7,2776228582,Service robot
SDG_7,46787917,Sigma heat
SDG_7,83204339,Single antenna interference cancellation
SDG_7,107863493,Snake-arm robot
SDG_7,2777027713,Soil gas
SDG_7,29621489,Solid hydrogen
SDG_7,188087704,Standardization
SDG_7,2779503484,Standards organization
SDG_7,2778958889,Streamline diffusion
SDG_7,60439489,"Streamlines, streaklines, and pathlines"
SDG_7,2777373712,Synthetic biodegradable polymer
SDG_7,112578098,System archetype
SDG_7,75003639,Tag system
SDG_7,2777328224,Target market
SDG_7,151948712,Television channel frequencies
SDG_7,29652920,Test compression
SDG_7,173182743,Thermal break
SDG_7,29310469,Thermal equilibrium
SDG_7,145597803,Total inorganic carbon
SDG_7,2777134600,Training simulation
SDG_7,98943031,Trajectory of a projectile
SDG_7,154864947,Translational partition function
SDG_7,2780949067,Transmission gate
SDG_7,167310744,Tribology
SDG_7,162681261,Tribometer
SDG_7,52121051,Truck
SDG_7,101188967,Ubiquitous robot
SDG_7,2908581237,User - individual
SDG_7,103753734,Vacuum tube
SDG_7,2780778756,Water turbine
SDG_7,2777742759,Wave-making resistance
SDG_7,2779117831,Wavelength selective switching
SDG_8,2776444593,Baby boom
SDG_8,2909413384,Commissural Interneurons
SDG_8,27591710,Economic data
SDG_8,2778896325,Lisbon Strategy
SDG_8,2911011203,Locomotor rhythm
SDG_8,2910222570,Mouse Spinal Cord
SDG_8,2910326028,Spinal Cord Disorder
SDG_8,2780775167,Spinal cord
SDG_8,2911164255,Spinal cord repair
SDG_9,137099501,Entry point
SDG_9,2909452073,Euro currency
SDG_9,2778097690,Euros
SDG_9,2775925408,Soot
SDG_9,529335014,Starch
SDG_10,102268210,Border cells
SDG_10,105152847,Call to action
SDG_10,169900460,Cognition
SDG_10,61641136,Cognitive load
SDG_10,2910665876,Cognitive patterns
SDG_10,16976872,Findability
SDG_10,2780776881,Software ecosystem
SDG_10,2778078003,Zero lower bound
SDG_11,2776902872,ASTRA
SDG_11,2776673659,Acetic acid
SDG_11,2908674967,Acetic acid concentration
SDG_11,24856439,Adaptive routing
SDG_11,183283035,Administrative distance
SDG_11,2778839380,Alkoxide
SDG_11,2779323829,Ariadna
SDG_11,100675267,Background noise
SDG_11,2776689096,Beam axle
SDG_11,2776508417,Belite
SDG_11,23221634,Blasius boundary layer
SDG_11,2778977993,Block heater
SDG_11,2778920248,Blog network
SDG_11,2779661781,Blogosphere
SDG_11,75461684,Blown flap
SDG_11,2777614519,Born-digital
SDG_11,111603439,Boundary layer
SDG_11,49221354,Boundary layer control
SDG_11,2855170,Boundary layer suction
SDG_11,151890184,Boundary layer thickness
SDG_11,2781255199,Bruit
SDG_11,80309976,Business process management
SDG_11,2777161741,CYCLADES
SDG_11,2911048674,Calcium sulfoaluminate
SDG_11,2779627320,Catalytic heater
SDG_11,29279314,Catenary
SDG_11,2775976938,Cherchera
SDG_11,2909020933,Cold preservation
SDG_11,44263959,Cold start
SDG_11,2779636881,Community standards
SDG_11,121684219,Computational aeroacoustics
SDG_11,550222582,Computer chess
SDG_11,120208923,Conceptual design
SDG_11,81302111,Contact force
SDG_11,2780302256,Contraction hierarchies
SDG_11,2777131152,Cool flame
SDG_11,2777111354,Corrosion under insulation
SDG_11,53232910,Crankcase heater
SDG_11,100368936,Crawling
SDG_11,171730128,Data file
SDG_11,80583463,Data profiling
SDG_11,5072461,Delta
SDG_11,200046510,Design brief
SDG_11,81961946,Design rule for Camera File system
SDG_11,536930464,Developmental linguistics
SDG_11,2777488192,Diamond interchange
SDG_11,6506403,Diffusion flame
SDG_11,120938966,Digital Earth
SDG_11,2778132726,Digital Revolution
SDG_11,126082660,Digital transformation
SDG_11,2777440324,Dihydroxyphenylalanine
SDG_11,173870130,Dijkstra's algorithm
SDG_11,18030348,Distributed web crawling
SDG_11,80368990,Earth system science
SDG_11,54855816,Eddy current brake
SDG_11,2776816662,Edublog
SDG_11,125470083,Electromagnetic compatibility
SDG_11,2778717691,Electronic navigation
SDG_11,110604844,En plein air
SDG_11,2775886207,Energy-efficient driving
SDG_11,2910286708,Equivalent - unit
SDG_11,2911120092,Feature Dataset
SDG_11,120352889,Feeder line
SDG_11,122224866,Figure of the Earth
SDG_11,97250363,File format
SDG_11,2780940931,File system
SDG_11,23680986,Fixed access
SDG_11,2777262768,Flame detection
SDG_11,2780575044,Flame lift-off
SDG_11,2778269189,Flame structure
SDG_11,128226362,Flame test
SDG_11,201743585,Flat file database
SDG_11,73340581,Focused crawler
SDG_11,7149132,Forgetting
SDG_11,2778790543,Gas heater
SDG_11,2776389138,Gens
SDG_11,53160558,"Guidance, navigation and control"
SDG_11,2778497495,Görtler vortices
SDG_11,2911224752,Heater Rod
SDG_11,2908570632,Heater type
SDG_11,2781461753,Heritage studies
SDG_11,2781099003,High-temperature corrosion
SDG_11,81667532,ISA100.11a
SDG_11,50415386,Incompressible flow
SDG_11,120588126,Information design
SDG_11,207821765,Instability
SDG_11,2776974013,Intake fraction
SDG_11,2225880,Journaling file system
SDG_11,38439746,Laminar-turbulent transition
SDG_11,550607084,Language contact
SDG_11,2781281093,Language planning
SDG_11,107157880,Lift-to-drag ratio
SDG_11,172438305,Lighter than air
SDG_11,2917558,Ligne
SDG_11,39511330,Logo
SDG_11,150506046,Logos Bible Software
SDG_11,107119854,Mach wave
SDG_11,69423932,Manufacturing Automation Protocol
SDG_11,37350624,Marker interface pattern
SDG_11,206019424,Marshalling
SDG_11,2779652681,Medical guideline
SDG_11,2779529265,Microbial corrosion
SDG_11,2780015235,Microsimulation
SDG_11,2778414658,Model risk
SDG_11,50637493,Morphing
SDG_11,2780665216,Multi-source
SDG_11,189360488,NACA airfoil
SDG_11,2777328387,National Guideline Clearinghouse
SDG_11,10245270,Navigational instrument
SDG_11,2779473934,Net operation
SDG_11,103648661,News analytics
SDG_11,16189245,News bureau
SDG_11,167752473,News values
SDG_11,11360483,Noise
SDG_11,102792161,Nous
SDG_11,132373408,Oblique shock
SDG_11,2779313563,On Language
SDG_11,2777041775,Open Archival Information System
SDG_11,2780761308,OpenAIR
SDG_11,2779962852,Outright Monetary Transactions
SDG_11,2779313700,PERMIS
SDG_11,20756127,Pantograph
SDG_11,2910820772,Period length
SDG_11,2777877904,Physical Internet
SDG_11,2779720300,Pitting corrosion
SDG_11,68640439,Plateau–Rayleigh instability
SDG_11,2777735972,Platoon
SDG_11,131979681,Point cloud
SDG_11,2778330474,Port State Control
SDG_11,2909681832,Preservation Technique
SDG_11,2909395910,Preservation fluid
SDG_11,2781293718,Preservation metadata
SDG_11,21457203,Process automation system
SDG_11,2908664457,Question Text
SDG_11,2908818157,Reference Period
SDG_11,7856111,Reference implementation
SDG_11,2780066083,Repartition
SDG_11,2780423321,Right to the city
SDG_11,2777988118,Road safety audit
SDG_11,2778821660,Rotary feeder
SDG_11,193450905,Rotation of axes
SDG_11,2776219102,Rotor–stator interaction
SDG_11,2776160632,SOLAS Convention
SDG_11,148699463,SSS*
SDG_11,2775873933,Scape
SDG_11,2775937711,Scientific demonstration
SDG_11,2776408593,Shipworms
SDG_11,197553423,Shock (fluid dynamics)
SDG_11,2779279276,Short sea shipping
SDG_11,2776764004,Shrinking cities
SDG_11,2779462066,Social polarization
SDG_11,2780444441,Solid earth
SDG_11,2777048483,Source data
SDG_11,2779722824,Space heater
SDG_11,98200471,Spam blog
SDG_11,14390630,Split horizon route advertisement
SDG_11,46737286,Spoileron
SDG_11,2910792664,Suction equipment
SDG_11,85148207,Sunset
SDG_11,2910477109,Surface Mail
SDG_11,200749887,System monitoring
SDG_11,2910310371,TRACK FIELD
SDG_11,2777346527,TRECVID
SDG_11,2775932640,Telles
SDG_11,2781257993,Teredo navalis
SDG_11,2909546771,Test power
SDG_11,2911038400,The cruiser
SDG_11,72355985,Tollmien–Schlichting wave
SDG_11,40350719,Torrent file
SDG_11,2776485071,Trackback
SDG_11,168443057,Traffic volume
SDG_11,2780775721,Train communication network
SDG_11,142442999,Treadle (railway)
SDG_11,43227947,Turboprop
SDG_11,2777447984,Two-dimensional flow
SDG_11,193759585,Two-stream instability
SDG_11,2776432661,Value of Earth
SDG_11,194229684,Values
SDG_11,57341113,Vibration fatigue
SDG_11,2909072158,Volume Est
SDG_11,52226264,Vortex lift
SDG_11,2909398177,Waterborne transmission
SDG_11,2777817495,Web archiving
SDG_11,13743948,Web crawler
SDG_11,107779570,Wing loading
SDG_11,137990359,Wing twist
SDG_12,23138022,Amortization (business)
SDG_12,2778253041,Annual report
SDG_12,2776596069,Artisanal mining
SDG_12,2779338949,Asset quality
SDG_12,193596192,CD-ROM
SDG_12,84859931,Canyon
SDG_12,2777091700,History of Russia
SDG_12,2780596747,Imidazolate
SDG_12,2777247137,Jatropha curcas
SDG_12,20820323,Latin hypercube sampling
SDG_12,162853370,Marketing
SDG_12,72104268,Meyer hardness test
SDG_12,2776558947,Nazaré Canyon
SDG_12,525650276,Open content
SDG_12,2779738550,Order by
SDG_12,169093310,Personally identifiable information
SDG_12,63257944,Regenerative heat exchanger
SDG_12,36067731,Space-based radar
SDG_12,188468808,Style sheet language
SDG_12,148027575,Suberin
SDG_12,62232509,TexSys
SDG_12,120302269,United States Space Surveillance Network
SDG_12,101230327,Web Ontology Language
SDG_14,78275445,Accessory pigment
SDG_14,79158427,Analytics
SDG_14,2776665970,Anisakis
SDG_14,173656711,Apex predator
SDG_14,19889080,Beam search
SDG_14,2780309369,Calcification
SDG_14,2908618603,Certification status
SDG_14,530175646,Clothing
SDG_14,2909005227,Clothing material
SDG_14,29275276,Conceptual schema
SDG_14,202824567,Document Schema Definition Languages
SDG_14,2909048777,Egg product
SDG_14,79334102,Ensemble Kalman filter
SDG_14,51865526,Ensemble average
SDG_14,45942800,Ensemble learning
SDG_14,2777721721,Environmental certification
SDG_14,2779086188,Escape distance
SDG_14,2777894483,Escape sequence
SDG_14,2780042314,Fire escape
SDG_14,2780583818,Fish head
SDG_14,2910866688,Genetic population
SDG_14,205649164,Geography
SDG_14,16405173,Geostationary orbit
SDG_14,73525677,Glider
SDG_14,150012506,Information schema
SDG_14,2776582039,Integrated Ocean Observing System
SDG_14,102315692,Interpolation search
SDG_14,8182607,Introgression
SDG_14,155484110,Jump search
SDG_14,204259536,Linear search
SDG_14,103500101,Logical schema
SDG_14,2909697453,Mutant gene
SDG_14,2779919027,Observatory
SDG_14,2775922648,On-screen display
SDG_14,200401390,Open statistical ensemble
SDG_14,37202355,Phrase search
SDG_14,191506330,Professional certification (business)
SDG_14,52146309,Schema (genetic algorithms)
SDG_14,171276312,Schema (psychology)
SDG_14,2780660560,Schema evolution
SDG_14,153440673,Schema migration
SDG_14,2778206238,Schema therapy
SDG_14,2781330656,Search box
SDG_14,166423231,Semantic search
SDG_14,2778199754,Squirrel glider
SDG_14,2910510794,Stakeholder Roles
SDG_14,2353230,Standard solution
SDG_14,190703929,Star schema
SDG_14,50311922,Statistical ensemble
SDG_14,58341921,Stock (geology)
SDG_14,201490090,Stock assessment
SDG_14,185809878,Uncertainty
SDG_14,164120249,Web search query
SDG_14,51450119,iRobot Seaglider
SDG_15,2778049214,Sigma
SDG_16,527821871,Access control
SDG_16,2780786045,Acyl carrier protein
SDG_16,33791563,Advance payment
SDG_16,2781107206,Advanced persistent threat
SDG_16,143425610,Air traffic control radar beacon system
SDG_16,2776982550,Alliance theory
SDG_16,157686319,Analytical quality control
SDG_16,9201690,Articulated bogie
SDG_16,15758519,Asprox botnet
SDG_16,2778906372,Audience design
SDG_16,69828861,Austerity
SDG_16,104177525,Automated fingerprint identification
SDG_16,117353447,Automatic radar plotting aid
SDG_16,22674136,Balance of trade
SDG_16,2776112939,Base of skull
SDG_16,2909746666,Baseline Indicator
SDG_16,174943157,Bathymetry
SDG_16,189809214,Beat (acoustics)
SDG_16,35550292,Beat (music)
SDG_16,105585729,Beat detection
SDG_16,191393472,Bias of an estimator
SDG_16,2779254040,Biodosimetry
SDG_16,100102862,Bistatic radar
SDG_16,31829608,Blind trust
SDG_16,106544461,Block cipher
SDG_16,2779686019,Blue box
SDG_16,123045823,Bogie
SDG_16,43067198,Bonner sphere
SDG_16,203165030,Booster (rocketry)
SDG_16,2908548367,Booster type
SDG_16,47607710,Bootstrapping (statistics)
SDG_16,2780513914,Bottleneck
SDG_16,2909318246,Botulinum Antitoxin
SDG_16,2909123673,Botulinum Neurotoxin Type A
SDG_16,2910269103,Botulinum toxin type B
SDG_16,2779186577,Botulism
SDG_16,9514381,Box set
SDG_16,2779847632,Buoy
SDG_16,201762086,CAN bus
SDG_16,2776614250,Cadmium zinc telluride
SDG_16,91760546,Capital (economics)
SDG_16,120144228,Centralized government
SDG_16,106737062,Chosen-ciphertext attack
SDG_16,2779566273,Chronic fatigue syndrome
SDG_16,202796686,Circulating capital
SDG_16,2777010668,Clostridium botulinum
SDG_16,2909947951,Clostridium botulinum type A
SDG_16,2911000069,Clostridium botulinum type B
SDG_16,2909328758,Co-payment
SDG_16,146870623,Code Access Security
SDG_16,85014361,Column still
SDG_16,2780351192,Community method
SDG_16,2780262311,Community policing
SDG_16,2779387731,Community-based management
SDG_16,102375830,Compound prism
SDG_16,2778804986,Computer emergency response team
SDG_16,65067816,Computer-assisted web interviewing
SDG_16,2781205572,Conditionality
SDG_16,2908766468,Consent Forms
SDG_16,2779401785,Consent theory
SDG_16,164172150,Consistent estimator
SDG_16,2779359390,Container space
SDG_16,166003498,Content Security Policy
SDG_16,2776987467,Content adaptation
SDG_16,2778159086,Copenhagen criteria
SDG_16,164663123,Cosmos
SDG_16,2910200502,Counter device
SDG_16,2777810591,Credential
SDG_16,171906077,Crime scene
SDG_16,2909832105,Crowding stress
SDG_16,181149355,Cryptanalysis
SDG_16,33884865,Cryptographic protocol
SDG_16,178489894,Cryptography
SDG_16,84525096,Cryptovirology
SDG_16,2910472664,Ct scanners
SDG_16,134174499,Cyber-collection
SDG_16,2780320074,DC-BUS
SDG_16,2910273717,DNA degradation
SDG_16,2778166725,DNA phenotyping
SDG_16,2780270224,DNA polymerase lambda
SDG_16,2909434199,DNA stability
SDG_16,2909423120,Data Corruption
SDG_16,2778484313,Data stream
SDG_16,2778654863,Data stream management system
SDG_16,89198739,Data stream mining
SDG_16,2781351580,De-identification
SDG_16,101959639,Delivery versus payment
SDG_16,971699,Delta method
SDG_16,4698774,Demand chain
SDG_16,2776498708,Demining
SDG_16,77019957,Dependability
SDG_16,94915269,Detector
SDG_16,194072897,Differential optical absorption spectroscopy
SDG_16,82922719,Digital credential
SDG_16,2781357168,Digital evidence
SDG_16,2779813694,Digital identity
SDG_16,2776622343,Digital speaker
SDG_16,169796023,Direct Anonymous Attestation
SDG_16,2542834,Dispersive prism
SDG_16,167225187,Divide and choose
SDG_16,104383817,Document type declaration
SDG_16,2779129001,Drive-by download
SDG_16,2777257180,Dual-use technology
SDG_16,140006998,Dynamic program analysis
SDG_16,74363100,Economic system
SDG_16,2778456923,Edge computing
SDG_16,2910395371,Emergency Supply
SDG_16,2779311591,Emergency radio
SDG_16,2908611806,Encountered problems
SDG_16,98940541,Environmental design and planning
SDG_16,204016326,Estimating equations
SDG_16,185429906,Estimator
SDG_16,2910001868,European union
SDG_16,2909498615,Evidence gathering
SDG_16,110921888,Evidence-based management
SDG_16,2910704000,Exercise Type
SDG_16,2909609750,Exercise activity
SDG_16,2780049918,Exercise equipment
SDG_16,2909902876,Exercise frequency
SDG_16,2909804582,Exercise time
SDG_16,2781195161,Exit sign
SDG_16,2909314849,Explosive Agents
SDG_16,2778436418,Explosive device
SDG_16,2909600298,Explosive force
SDG_16,154238967,Explosive material
SDG_16,2780721665,Explosive train
SDG_16,76144217,Express trust
SDG_16,2778618615,External quality assessment
SDG_16,2199051,Eye vein verification
SDG_16,2910471639,Family Leave
SDG_16,2777490532,Federated identity
SDG_16,2776459999,Fidelity
SDG_16,116251930,Fidelity of quantum states
SDG_16,130731218,Financial analysis
SDG_16,44750222,Financial capital
SDG_16,2911010606,Finger surface
SDG_16,200797679,Fingerprint
SDG_16,164995936,Fingerprint Verification Competition
SDG_16,202292293,Fingerprint powder
SDG_16,168406668,Fingerprint recognition
SDG_16,48295401,Flexible intermediate bulk container
SDG_16,56906370,"Fluhrer, Mantin and Shamir attack"
SDG_16,74556096,Forensic biology
SDG_16,2911193946,Forensic genetics
SDG_16,2780732888,Forensic identification
SDG_16,140505726,Forensic science
SDG_16,2909075684,Forensic study
SDG_16,111498074,Formal verification
SDG_16,2778605688,Freedom of movement
SDG_16,2908834839,GDP binding
SDG_16,63854197,GDP deflator
SDG_16,2910259063,Ganglioside binding
SDG_16,2777475166,Gas mask
SDG_16,2779916870,Gaze
SDG_16,75114861,General Inter-ORB Protocol
SDG_16,188649462,Generalized least squares
SDG_16,12780434,Geomatics
SDG_16,68307924,Global commons
SDG_16,2781138619,Global imbalances
SDG_16,2775899829,Globe
SDG_16,186835682,Graffiti
SDG_16,2910173640,Group competition
SDG_16,2777240490,Heat and moisture exchanger
SDG_16,72320291,Hengzhi chip
SDG_16,2778286736,Hereditary multiple exostoses
SDG_16,69258756,Hermetic detector
SDG_16,2776833093,Horvitz–Thompson estimator
SDG_16,105409693,Human intelligence
SDG_16,2776905153,Human skull
SDG_16,2781115736,Identity change
SDG_16,118867912,Identity correlation
SDG_16,2776942576,Identity fraud
SDG_16,33222762,Identity function
SDG_16,555379026,Identity management
SDG_16,2778290591,Identity management system
SDG_16,2779881993,Identity provider
SDG_16,37672646,Image subtraction
SDG_16,8397983,Implied consent
SDG_16,2779270055,Independent media
SDG_16,2909874202,Individual exercises
SDG_16,556297831,Information and Computer Science
SDG_16,60008888,Information bottleneck method
SDG_16,33326189,Information integration
SDG_16,2778983686,Informing science
SDG_16,2779184870,Infrared atmospheric sounding interferometer
SDG_16,91435432,Input–output model
SDG_16,177821555,Institutional economics
SDG_16,2781105336,Integrated software
SDG_16,2779677046,Intel Galileo
SDG_16,12365522,Intelligence analysis management
SDG_16,112138406,Intelligence assessment
SDG_16,40046163,Intelligence cycle
SDG_16,138207750,Intelligence cycle (target-centric approach)
SDG_16,31901060,Intelligence cycle management
SDG_16,2746353,Intelligence dissemination management
SDG_16,2778921735,Intelligent electronic device
SDG_16,2910953355,Inter-laboratory
SDG_16,2776824162,Intergovernmentalism
SDG_16,2776987546,Intermittent explosive disorder
SDG_16,2779872411,International community
SDG_16,162571340,Internet Protocol Control Protocol
SDG_16,200185824,Internetwork protocol
SDG_16,130684572,Interpolation attack
SDG_16,21442874,Invention
SDG_16,106289968,Ion trap
SDG_16,137975842,Ion trapping
SDG_16,27426343,Ion-mobility spectrometry–mass spectrometry
SDG_16,124568556,JEDEC memory standards
SDG_16,544833334,JavaScript
SDG_16,2779608074,Jewish diaspora
SDG_16,200909587,Key whitening
SDG_16,2778186200,Key-recovery attack
SDG_16,2909624168,Laboratory Procedure
SDG_16,2908573047,Laboratory Proficiency Testing
SDG_16,174127684,Laboratory quality control
SDG_16,2909263554,Laboratory technique
SDG_16,2308441,Lateral communication
SDG_16,2778532584,Lateral flow test
SDG_16,86037889,Learning to rank
SDG_16,174176344,Length extension attack
SDG_16,100203831,List box
SDG_16,2779395397,Malware analysis
SDG_16,196491621,Man-in-the-middle attack
SDG_16,2777299998,Maritime domain awareness
SDG_16,160776313,Massif
SDG_16,2776911219,Master class
SDG_16,61871575,Master data
SDG_16,2778759178,Master data management
SDG_16,128805008,Master equation
SDG_16,144090359,Materiality (law)
SDG_16,111964698,Matthew effect
SDG_16,44083865,Mean reciprocal rank
SDG_16,50091055,Measures of national income and output
SDG_16,144486260,Media event
SDG_16,167275870,Media system dependency theory
SDG_16,2775928558,Medipix
SDG_16,151989614,Mel-frequency cepstrum
SDG_16,2779079919,Memory box
SDG_16,2779793503,Message-oriented middleware
SDG_16,2909933650,Middle column
SDG_16,2780098792,Mine action
SDG_16,67174900,Minutiae
SDG_16,2780052528,Mobile community
SDG_16,2780967490,Mobile malware
SDG_16,2778898898,Mobile network operator
SDG_16,2908793332,Molecular Fingerprint
SDG_16,2780005421,Money laundering
SDG_16,110739175,Mosaic
SDG_16,83516960,Mosaic evolution
SDG_16,2910491271,Multiple markers
SDG_16,14982408,Network Access Control
SDG_16,50747538,Network forensics
SDG_16,2780358027,Neurotoxin
SDG_16,152568617,Neutron
SDG_16,89136471,Neutron detection
SDG_16,184186437,Neutron generator
SDG_16,73649233,Neutron probe
SDG_16,84952885,Neutron stimulated emission computed tomography
SDG_16,50776230,Neutron time-of-flight scattering
SDG_16,147027905,Nicol prism
SDG_16,78299736,Nomarski prism
SDG_16,134801348,Non-response bias
SDG_16,53076038,Oblivious transfer
SDG_16,2779714858,On the Peace
SDG_16,2909071857,On-Protocol
SDG_16,2780656832,Online discussion
SDG_16,2780542009,Online identity
SDG_16,137405303,Online participation
SDG_16,16759151,Online presence management
SDG_16,203094294,Online research methods
SDG_16,98893333,Ontology alignment
SDG_16,123326733,Open architecture
SDG_16,123583881,Open format
SDG_16,18362487,Operational acceptance testing
SDG_16,35788789,Otway–Rees protocol
SDG_16,183617614,Over-the-horizon radar
SDG_16,2779073994,Pact
SDG_16,138569888,Panopticon
SDG_16,2779792404,Paralytic shellfish poisoning
SDG_16,2778517334,Parental leave
SDG_16,2777008152,Partial payment
SDG_16,183680338,Particle detector
SDG_16,151120012,Passive radar
SDG_16,2780342482,Patent office
SDG_16,115910719,Patent troll
SDG_16,153692070,Payload
SDG_16,134066672,Payload (computing)
SDG_16,145097563,Payment
SDG_16,35637245,Payment order
SDG_16,2776623338,Payment schedule
SDG_16,185822510,Payment service provider
SDG_16,2776983043,Payment system
SDG_16,2776486069,Pentaerythritol tetranitrate
SDG_16,155051475,Pentaprism
SDG_16,2780668467,Personal protective equipment
SDG_16,2777286522,Photoacoustic spectroscopy
SDG_16,8643368,Physical unclonable function
SDG_16,2777657240,Piezoelectric speaker
SDG_16,2780003111,Pixel geometry
SDG_16,190771501,Plastic explosive
SDG_16,2781196315,Police legitimacy
SDG_16,26834231,Political sociology
SDG_16,2777482191,Political structure
SDG_16,196156399,Portable Executable
SDG_16,73712438,Position of trust
SDG_16,71743495,Power analysis
SDG_16,186293655,Precipitation types
SDG_16,2908556616,Pressure suit
SDG_16,67666897,Prism
SDG_16,167693441,Privacy for research participants
SDG_16,175968658,Privacy laws of the United States
SDG_16,2910490378,Proactive Inhibition
SDG_16,142944206,Proactivity
SDG_16,158531012,Probability of precipitation
SDG_16,5395021,Program evaluation
SDG_16,22241219,Protectionism
SDG_16,120892966,Protocol spoofing
SDG_16,191795016,Quad antenna
SDG_16,27826464,Quadrupole ion trap
SDG_16,103232671,Quadrupole mass analyzer
SDG_16,129724132,Quality time
SDG_16,75398719,Quantitative precipitation estimation
SDG_16,2778989422,Quantum beats
SDG_16,10929652,Radar imaging
SDG_16,154038757,Radioactive contamination
SDG_16,2779989747,Radiological warfare
SDG_16,164226766,Rank (graph theory)
SDG_16,1026927,Rank (linear algebra)
SDG_16,118248890,Ratio estimator
SDG_16,144709373,Real evidence
SDG_16,176258234,Real image
SDG_16,2778908344,Reference monitor
SDG_16,83975546,Related-key attack
SDG_16,2908584300,Release - action
SDG_16,2777842450,Release agent
SDG_16,2780986262,Release notes
SDG_16,158154518,Relevance (law)
SDG_16,2908935257,Report (document)
SDG_16,2910048382,Report evaluation
SDG_16,27357055,Reservation of rights
SDG_16,56281022,Resizing
SDG_16,2781330901,Restorative justice
SDG_16,2780164666,Restorative practices
SDG_16,2775892892,Revocation
SDG_16,2777200438,Ricin
SDG_16,2909309735,Ricin toxin
SDG_16,107584723,Risk-adjusted return on capital
SDG_16,67226441,Robust statistics
SDG_16,45567728,Role-based access control
SDG_16,2777549818,Roof prism
SDG_16,2779619698,Rules of evidence
SDG_16,45737032,S-box
SDG_16,2777646408,Saxitoxin
SDG_16,2779751349,Scanner
SDG_16,114445506,Secondary surveillance radar
SDG_16,18396474,Secure multi-party computation
SDG_16,13652956,Secure two-party computation
SDG_16,131275738,Security bug
SDG_16,2776711565,Security parameter
SDG_16,2779280868,Security question
SDG_16,150018143,Security theater
SDG_16,179302884,Selected ion monitoring
SDG_16,2780723106,Self-governance
SDG_16,148704626,Semiconductor detector
SDG_16,83616695,Semtex
SDG_16,45326173,Sepia
SDG_16,49289754,Side channel attack
SDG_16,114938261,Signage
SDG_16,74370796,Signature recognition
SDG_16,145804949,Situation awareness
SDG_16,2779300802,Skull
SDG_16,2910486168,Skull Base Neoplasm
SDG_16,2911024786,Skull Base Tumor
SDG_16,2776898426,Skull roof
SDG_16,2909377819,Skull surface
SDG_16,115314053,Slack bus
SDG_16,196690852,Social analytics
SDG_16,60136833,Social media optimization
SDG_16,2777671340,Social rights
SDG_16,45355965,Socioeconomics
SDG_16,2777629068,Soft biometrics
SDG_16,25566979,Software analysis pattern
SDG_16,149091818,Software system
SDG_16,2776831955,Somali
SDG_16,124219066,Space suit
SDG_16,167900197,Spoofing attack
SDG_16,2779288016,State of emergency
SDG_16,107027933,Stream processing
SDG_16,2777611316,Streaming data
SDG_16,2776904728,Strong authentication
SDG_16,2778764671,Supply-chain operations reference
SDG_16,2778579508,System call
SDG_16,146667757,System in package
SDG_16,102213258,Tabula rasa
SDG_16,2778216119,Talos
SDG_16,203133693,Terrorism
SDG_16,2780648150,Test target
SDG_16,2776540713,Ticket
SDG_16,38635669,Ticket Granting Ticket
SDG_16,13459763,Touch DNA
SDG_16,180727682,Trace evidence
SDG_16,37771279,Transfer payments multiplier
SDG_16,2776040635,Trespass
SDG_16,154800190,Trust anchor
SDG_16,2777480472,Trust law
SDG_16,2780968727,Trust metric
SDG_16,2776831232,Trusted Computing
SDG_16,206149592,Trusted Network Connect
SDG_16,202775310,Trusted Platform Module
SDG_16,147346212,Trusted computing base
SDG_16,2780164529,Trusted operating system
SDG_16,2778565663,Trusted path
SDG_16,51945325,Trusted timestamping
SDG_16,22760457,Trustworthy computing
SDG_16,173836518,Tunnel Setup Protocol
SDG_16,2776889888,Unintended consequences
SDG_16,165751822,Universal composability
SDG_16,2776548393,Unmanned ground vehicle
SDG_16,181169782,Vertical integration
SDG_16,151211776,Video capture
SDG_16,106030495,Video compression picture types
SDG_16,2910110944,Vital activity
SDG_16,2780507753,Vital rates
SDG_16,182964821,Voice analysis
SDG_16,2778150766,Volatile organic compound
SDG_16,95713431,Vulnerability (computing)
SDG_16,8020162,Water gel explosive
SDG_16,85946185,Weather buoy
SDG_16,127613066,Web API
SDG_16,59241245,Web application security
SDG_16,97200028,Web engineering
SDG_16,75773760,Web threat
SDG_16,94643802,Wedge prism
SDG_16,180932941,White box
SDG_16,124086997,Wide Mouth Frog protocol
SDG_16,2910431462,Work release
SDG_16,2779352166,Worldwide Governance Indicators
SDG_16,2779886121,XACML
SDG_16,36914074,nobody
